<Configuration>
    <Add OfficeClientEdition="32" Channel="Broad">
        <Product ID="O365ProPlusRetail">
            <Language ID="en-us"/>
            <ExcludeApp ID="Groove"/>
            <ExcludeApp ID="Access"/>
            <ExcludeApp ID="Publisher"/>
        </Product>
    </Add>
    <Updates Enabled="FALSE"/>
    <Display Level="None" AcceptEULA="TRUE"/>
    <Property Name="FORCEAPPSHUTDOWN" Value="FALSE"/>
    <Property Name="SharedComputerLicensing" Value="1"/>
    <Property Name="PinIconsToTaskbar" Value="FALSE"/>
</Configuration>