<?xml version="1.0" encoding="utf-8"?>
<LayoutModificationTemplate xmlns:defaultlayout="http://schemas.microsoft.com/Start/2014/FullDefaultLayout" 
  xmlns:start="http://schemas.microsoft.com/Start/2014/StartLayout" 
  xmlns:taskbar="http://schemas.microsoft.com/Start/2014/TaskbarLayout" Version="1" 
  xmlns="http://schemas.microsoft.com/Start/2014/LayoutModification">
  <LayoutOptions StartTileGroupCellWidth="6" />
  <DefaultLayoutOverride>
    <StartLayoutCollection>
      <defaultlayout:StartLayout GroupCellWidth="6">
        <start:Group Name="">
          <start:DesktopApplicationTile Size="2x2" Column="0" Row="0" DesktopApplicationID="Microsoft.Windows.Explorer" />
          <start:DesktopApplicationTile Size="2x2" Column="2" Row="0" DesktopApplicationID="::{26EE0668-A00A-44D7-9371-BEB064C98683}" />
        </start:Group>
        <start:Group Name="">
          <start:Tile Size="2x2" Column="4" Row="0" AppUserModelID="Microsoft.Windows.SecHealthUI_cw5n1h2txyewy!SecHealthUI" />
          <start:DesktopApplicationTile Size="2x2" Column="0" Row="0" DesktopApplicationID="{1AC14E77-02E7-4E5D-B744-2EB1AE5198B7}\ServerManager.exe" />
          <start:DesktopApplicationTile Size="2x2" Column="2" Row="0" DesktopApplicationID="C:\ProgramData\Microsoft\Windows\Start Menu\Programs\Administrative Tools" />
        </start:Group>
      </defaultlayout:StartLayout>
    </StartLayoutCollection>
  </DefaultLayoutOverride>
  <CustomTaskbarLayoutCollection PinListPlacement="Replace">
    <defaultlayout:TaskbarLayout>
      <taskbar:TaskbarPinList>
        <taskbar:DesktopApp DesktopApplicationLinkPath="%APPDATA%\Microsoft\Windows\Start Menu\Programs\System Tools\File Explorer.lnk" />
      </taskbar:TaskbarPinList>
    </defaultlayout:TaskbarLayout>
  </CustomTaskbarLayoutCollection>
</LayoutModificationTemplate>