<?xml version="1.0" encoding="utf-8"?>
<LayoutModificationTemplate xmlns:defaultlayout="http://schemas.microsoft.com/Start/2014/FullDefaultLayout" 
  xmlns:start="http://schemas.microsoft.com/Start/2014/StartLayout" 
  xmlns:taskbar="http://schemas.microsoft.com/Start/2014/TaskbarLayout" Version="1" 
  xmlns="http://schemas.microsoft.com/Start/2014/LayoutModification">
  <LayoutOptions StartTileGroupCellWidth="6" />
  <DefaultLayoutOverride>
    <StartLayoutCollection>
      <defaultlayout:StartLayout GroupCellWidth="6">
        <start:Group Name="Collaboration">
          <start:DesktopApplicationTile Size="2x2" Column="0" Row="2" DesktopApplicationLinkPath="%APPDATA%\Microsoft\Windows\Start Menu\Programs\Microsoft Corporation\Microsoft Teams.lnk" />
          <start:Tile Size="4x2" Column="0" Row="0" AppUserModelID="Microsoft.Todos_8wekyb3d8bbwe!App" />
          <start:Tile Size="2x2" Column="4" Row="0" AppUserModelID="Microsoft.Whiteboard_8wekyb3d8bbwe!Whiteboard" />
          <start:Tile Size="4x2" Column="2" Row="2" AppUserModelID="Microsoft.Office.OneNote_8wekyb3d8bbwe!microsoft.onenoteim" />
        </start:Group>
        <start:Group Name="Getting started">
          <start:Tile Size="2x2" Column="0" Row="0" AppUserModelID="Microsoft.CompanyPortal_8wekyb3d8bbwe!App" />
          <start:Tile Size="4x2" Column="2" Row="0" AppUserModelID="Microsoft.Getstarted_8wekyb3d8bbwe!App" />
        </start:Group>
        <start:Group Name="Apps">
          <start:Tile Size="2x2" Column="0" Row="0" AppUserModelID="Microsoft.MicrosoftEdge_8wekyb3d8bbwe!MicrosoftEdge" />
        </start:Group>
        <start:Group Name="Office">
          <start:DesktopApplicationTile Size="1x1" Column="1" Row="0" DesktopApplicationLinkPath="%ALLUSERSPROFILE%\Microsoft\Windows\Start Menu\Programs\Outlook.lnk" />
          <start:DesktopApplicationTile Size="1x1" Column="4" Row="0" DesktopApplicationLinkPath="%ALLUSERSPROFILE%\Microsoft\Windows\Start Menu\Programs\Excel.lnk" />
          <start:DesktopApplicationTile Size="1x1" Column="0" Row="0" DesktopApplicationLinkPath="%APPDATA%\Microsoft\Windows\Start Menu\Programs\OneDrive.lnk" />
          <start:DesktopApplicationTile Size="1x1" Column="3" Row="0" DesktopApplicationLinkPath="%ALLUSERSPROFILE%\Microsoft\Windows\Start Menu\Programs\PowerPoint.lnk" />
          <start:DesktopApplicationTile Size="1x1" Column="5" Row="0" DesktopApplicationLinkPath="%ALLUSERSPROFILE%\Microsoft\Windows\Start Menu\Programs\Visio.lnk" />
          <start:DesktopApplicationTile Size="1x1" Column="2" Row="0" DesktopApplicationLinkPath="%ALLUSERSPROFILE%\Microsoft\Windows\Start Menu\Programs\Word.lnk" />
        </start:Group>
      </defaultlayout:StartLayout>
    </StartLayoutCollection>
  </DefaultLayoutOverride>
<CustomTaskbarLayoutCollection PinListPlacement="Replace">
    <defaultlayout:TaskbarLayout>
      <taskbar:TaskbarPinList>
        <taskbar:UWA AppUserModelID="Microsoft.MicrosoftEdge_8wekyb3d8bbwe!MicrosoftEdge" />
        <taskbar:DesktopApp DesktopApplicationLinkPath="%APPDATA%\Microsoft\Windows\Start Menu\Programs\System Tools\File Explorer.lnk" />
        <taskbar:DesktopApp DesktopApplicationLinkPath="%APPDATA%\Microsoft\Windows\Start Menu\Programs\Microsoft Corporation\Microsoft Teams.lnk" />
      </taskbar:TaskbarPinList>
    </defaultlayout:TaskbarLayout>
  </CustomTaskbarLayoutCollection>
</LayoutModificationTemplate>