<?xml version="1.0" encoding="utf-8"?>
<LayoutModificationTemplate xmlns:defaultlayout="http://schemas.microsoft.com/Start/2014/FullDefaultLayout" 
  xmlns:start="http://schemas.microsoft.com/Start/2014/StartLayout" 
  xmlns:taskbar="http://schemas.microsoft.com/Start/2014/TaskbarLayout" Version="1" 
  xmlns="http://schemas.microsoft.com/Start/2014/LayoutModification">
  <LayoutOptions StartTileGroupCellWidth="6" />
      <defaultlayout:StartLayout GroupCellWidth="6">
        <start:Group Name="">
          <start:DesktopApplicationTile Size="2x2" Column="2" Row="0" DesktopApplicationID="Microsoft.SkyDrive.Desktop" />
          <start:DesktopApplicationTile Size="2x2" Column="0" Row="0" DesktopApplicationID="MSEdge" />
        </start:Group>
        <start:Group Name="">
          <start:DesktopApplicationTile Size="2x2" Column="0" Row="2" DesktopApplicationID="Microsoft.Office.WINWORD.EXE.15" />
          <start:DesktopApplicationTile Size="2x2" Column="2" Row="0" DesktopApplicationID="Microsoft.Office.POWERPNT.EXE.15" />
          <start:DesktopApplicationTile Size="2x2" Column="4" Row="2" DesktopApplicationID="Microsoft.Office.WINPROJ.EXE.15" />
          <start:DesktopApplicationTile Size="2x2" Column="2" Row="2" DesktopApplicationID="Microsoft.Office.VISIO.EXE.15" />
          <start:DesktopApplicationTile Size="2x2" Column="4" Row="0" DesktopApplicationID="Microsoft.Office.EXCEL.EXE.15" />
          <start:DesktopApplicationTile Size="2x2" Column="0" Row="0" DesktopApplicationID="Microsoft.Office.OUTLOOK.EXE.15" />
        </start:Group>
      </defaultlayout:StartLayout>
  <CustomTaskbarLayoutCollection PinListPlacement="Replace">
    <defaultlayout:TaskbarLayout>
      <taskbar:TaskbarPinList>
        <taskbar:DesktopApp DesktopApplicationLinkPath="%ProgramData%\Microsoft\Windows\Start Menu\Programs\Microsoft Edge.lnk" />
        <taskbar:DesktopApp DesktopApplicationLinkPath="%APPDATA%\Microsoft\Windows\Start Menu\Programs\System Tools\File Explorer.lnk" />
      </taskbar:TaskbarPinList>
    </defaultlayout:TaskbarLayout>
  </CustomTaskbarLayoutCollection>
</LayoutModificationTemplate>